<?xml version="1.0" encoding="UTF-8"?>
<LoganContent oms_version="2.50.2.0.0" name="content_ocid1.tenancy.oc1..aaaaaaaa5s2vdjjrydixjulorcwozffbpna37w5a35p3jhgpyshlkmio6oiq_1650039506307" content_version="2.50.2.0.0" xmlns="http://www.oracle.com/DataCenter/LogAnalyticsStd">
    <Field oms_version="2.50.2.0.0">
        <DisplayName>sensor</DisplayName>
        <FieldType>1</FieldType>
        <IsSystem>0</IsSystem>
        <IsPrimary>1</IsPrimary>
        <DataType>STRING</DataType>
        <IsMetricKeyEligible>0</IsMetricKeyEligible>
        <IsMetricValueEligible>0</IsMetricValueEligible>
        <FacetEligible>1</FacetEligible>
        <RangeFacetEligible>0</RangeFacetEligible>
        <TableEligible>1</TableEligible>
        <FacetPriority>1</FacetPriority>
        <Summarizable>1</Summarizable>
        <HighCardinality>1</HighCardinality>
        <LargeData>0</LargeData>
        <MultiValued>0</MultiValued>
        <SMAEnabledSetting>0</SMAEnabledSetting>
    </Field>
    
    <Tag>
<Name>#low_severity_sensor</Name>
<DisplayName>Low Severity Sensor</DisplayName>
<IsSystem>0</IsSystem>
<ProblemPriority>LOW</ProblemPriority>
</Tag>
    <Source name="JDE Distribution sensor: Orphaned Records F00095" oms_version="2.50.2.0.0" configWarningSettings="0">
    <SourceType>database_sql</SourceType>
    <TargetTypes>
        <TargetType>omc_oracle_db_instance</TargetType>
        <TargetType>omc_oracle_pdb</TargetType>
    </TargetTypes>
    <DisplayName>JDE Distribution sensor: Orphaned Records F00095</DisplayName>
    <Description><![CDATA[There are orphaned Records in Business Object Reservation (F00095)]]></Description>
    <IsSystem>0</IsSystem>
    <IsSecureContent>1</IsSecureContent>
    <Patterns>
        <DBPattern dateTimeField="entrytime" dateTimeColumns="entrytime">
        <SQLQuery>
            <![CDATA[select 'JDE Distribution sensor: Orphaned Records F00095' sensor, to_timestamp(to_char(sysdate, 'YYYY-MM-DD hh24:mi:ss'), 'YYYY-MM-DD hh24:mi:ss') entrytime, 'Orphaned_Records_F00095:' || s.Orphaned_Records_F00095 key_data FROM (SELECT COUNT(*) Orphaned_Records_F00095 FROM {business_data_schema}.F00095 WHERE (A1UPMJ = (1000*(TO_NUMBER(TO_CHAR(SYSDATE, 'YYYY'))-1900) + TO_NUMBER(TO_CHAR(SYSDATE, 'DDD')) - 1) AND (3600 < ((TO_NUMBER(TO_CHAR(SYSDATE, 'HH24')) * 3600 + TO_NUMBER(TO_CHAR(SYSDATE, 'MI')) * 60 + TO_NUMBER(TO_CHAR(SYSDATE, 'SS'))) + 86399 - (floor(A1UPMT / 10000) * 3600 + floor( (A1UPMT - floor(A1UPMT / 10000) * 10000) / 100) * 60 + A1UPMT - floor(A1UPMT / 10000) * 10000 - floor( (A1UPMT - floor(A1UPMT / 10000) * 10000) / 100) * 100))) ) OR (A1UPMJ = (1000*(TO_NUMBER(TO_CHAR(SYSDATE, 'YYYY'))-1900) + TO_NUMBER(TO_CHAR(SYSDATE, 'DDD'))) AND (3600 < ((TO_NUMBER(TO_CHAR(SYSDATE, 'HH24')) * 3600 + TO_NUMBER(TO_CHAR(SYSDATE, 'MI')) * 60 + TO_NUMBER(TO_CHAR(SYSDATE, 'SS'))) - (floor(A1UPMT / 10000) * 3600 + floor( (A1UPMT - floor(A1UPMT / 10000) * 10000) / 100) * 60 + A1UPMT - floor(A1UPMT / 10000) * 10000 - floor( (A1UPMT - floor(A1UPMT / 10000) * 10000) / 100) * 100))) )OR A1GENKEY LIKE ' ' OR A1GENKEY IS NULL) s]]>
        </SQLQuery>
        <IsInclude>1</IsInclude>
            <InUse>1</InUse>
            <DBQueryFieldList>
                <DBPatternSeqField>entrytime</DBPatternSeqField>
                <DBPatternField>
                    <DBQueryColName>sensor</DBQueryColName>
                    <FieldName>udfs1</FieldName>
                </DBPatternField>
                <DBPatternField>
                    <DBQueryColName>entrytime</DBQueryColName>
                    <FieldName>time</FieldName>
                </DBPatternField>
                <DBPatternField>
                                        <DBQueryColName>key_data</DBQueryColName>
                                        <FieldName>probkey</FieldName>
                                   </DBPatternField>
            </DBQueryFieldList>
            <IsSystem>0</IsSystem>
            <IsEnabled>1</IsEnabled>
            </DBPattern>
    </Patterns>
        <TagConditions>
            <TagCondition operator="CONTAINS_REGEX" field="udfs1" alertRuleVisible="0">
                <ConditionValues>
                    <ConditionValue>%</ConditionValue>
                </ConditionValues>
                <ConditionTags tagField="mtag">
                    <ConditionTag>#low_severity_sensor</ConditionTag>
                </ConditionTags>
                <IsSystem>0</IsSystem>
                <IsEnabled>1</IsEnabled>
            </TagCondition>
        </TagConditions>
        <IsHidden>0</IsHidden>
        <IsSMAEnabled>0</IsSMAEnabled>
    </Source>
    <FieldNameMaps>
        <FieldNameMap>
            <Name>udfs1</Name>
            <DisplayName>sensor</DisplayName>
        </FieldNameMap>
        
    </FieldNameMaps>
</LoganContent>